time_ms,kernel,run_id,batch_size,time_proportion,model,dataset
0.178047,"EvalObliviousTrees(uchar4 const *, unsigned int const *, unsigned int, unsigned int const *, TGPURepackedBin const *, unsigned int const *, unsigned int, float const *, unsigned int, float*)",0,1,0.8376987200000001,catboost,churn_modelling:numerical
0.178431,"EvalObliviousTrees(uchar4 const *, unsigned int const *, unsigned int, unsigned int const *, TGPURepackedBin const *, unsigned int const *, unsigned int, float const *, unsigned int, float*)",1,1,0.8373622000000001,catboost,churn_modelling:numerical
0.178176,"EvalObliviousTrees(uchar4 const *, unsigned int const *, unsigned int, unsigned int const *, TGPURepackedBin const *, unsigned int const *, unsigned int, float const *, unsigned int, float*)",2,1,0.8084797399999999,catboost,churn_modelling:numerical
0.177952,"EvalObliviousTrees(uchar4 const *, unsigned int const *, unsigned int, unsigned int const *, TGPURepackedBin const *, unsigned int const *, unsigned int, float const *, unsigned int, float*)",0,5,0.83737389,catboost,churn_modelling:numerical
0.178079,"EvalObliviousTrees(uchar4 const *, unsigned int const *, unsigned int, unsigned int const *, TGPURepackedBin const *, unsigned int const *, unsigned int, float const *, unsigned int, float*)",1,5,0.8383541700000001,catboost,churn_modelling:numerical
0.178176,"EvalObliviousTrees(uchar4 const *, unsigned int const *, unsigned int, unsigned int const *, TGPURepackedBin const *, unsigned int const *, unsigned int, float const *, unsigned int, float*)",2,5,0.8372932299999999,catboost,churn_modelling:numerical
0.179136,"EvalObliviousTrees(uchar4 const *, unsigned int const *, unsigned int, unsigned int const *, TGPURepackedBin const *, unsigned int const *, unsigned int, float const *, unsigned int, float*)",0,27,0.8095444700000001,catboost,churn_modelling:numerical
0.178912,"EvalObliviousTrees(uchar4 const *, unsigned int const *, unsigned int, unsigned int const *, TGPURepackedBin const *, unsigned int const *, unsigned int, float const *, unsigned int, float*)",1,27,0.8140652300000001,catboost,churn_modelling:numerical
0.178720,"EvalObliviousTrees(uchar4 const *, unsigned int const *, unsigned int, unsigned int const *, TGPURepackedBin const *, unsigned int const *, unsigned int, float const *, unsigned int, float*)",2,27,0.8156857,catboost,churn_modelling:numerical
0.178527,"EvalObliviousTrees(uchar4 const *, unsigned int const *, unsigned int, unsigned int const *, TGPURepackedBin const *, unsigned int const *, unsigned int, float const *, unsigned int, float*)",0,147,0.82310334,catboost,churn_modelling:numerical
0.170336,"EvalObliviousTrees(uchar4 const *, unsigned int const *, unsigned int, unsigned int const *, TGPURepackedBin const *, unsigned int const *, unsigned int, float const *, unsigned int, float*)",1,147,0.81354119,catboost,churn_modelling:numerical
0.178432,"EvalObliviousTrees(uchar4 const *, unsigned int const *, unsigned int, unsigned int const *, TGPURepackedBin const *, unsigned int const *, unsigned int, float const *, unsigned int, float*)",2,147,0.8291449799999999,catboost,churn_modelling:numerical
0.335584,"EvalObliviousTrees(uchar4 const *, unsigned int const *, unsigned int, unsigned int const *, TGPURepackedBin const *, unsigned int const *, unsigned int, float const *, unsigned int, float*)",0,776,0.82940525,catboost,churn_modelling:numerical
0.341919,"EvalObliviousTrees(uchar4 const *, unsigned int const *, unsigned int, unsigned int const *, TGPURepackedBin const *, unsigned int const *, unsigned int, float const *, unsigned int, float*)",1,776,0.84412981,catboost,churn_modelling:numerical
0.341599,"EvalObliviousTrees(uchar4 const *, unsigned int const *, unsigned int, unsigned int const *, TGPURepackedBin const *, unsigned int const *, unsigned int, float const *, unsigned int, float*)",2,776,0.85039396,catboost,churn_modelling:numerical
0.997725,"EvalObliviousTrees(uchar4 const *, unsigned int const *, unsigned int, unsigned int const *, TGPURepackedBin const *, unsigned int const *, unsigned int, float const *, unsigned int, float*)",0,4096,0.85447632,catboost,churn_modelling:numerical
0.997759,"EvalObliviousTrees(uchar4 const *, unsigned int const *, unsigned int, unsigned int const *, TGPURepackedBin const *, unsigned int const *, unsigned int, float const *, unsigned int, float*)",1,4096,0.8520528500000001,catboost,churn_modelling:numerical
1.003998,"EvalObliviousTrees(uchar4 const *, unsigned int const *, unsigned int, unsigned int const *, TGPURepackedBin const *, unsigned int const *, unsigned int, float const *, unsigned int, float*)",2,4096,0.8779905499999999,catboost,churn_modelling:numerical
13.808132,"void xgboost::predictor::PredictKernel<xgboost::predictor::SparsePageLoader, xgboost::predictor::SparsePageView, bool=0>(xgboost::predictor::SparsePageView, xgboost::common::Span<xgboost::RegTree::Node const , unsigned long=18446744073709551615>, xgboost::common<float, unsigned long=18446744073709551615>, xgboost::common<unsigned long const , unsigned long=18446744073709551615>, xgboost::common<int const , unsigned long=18446744073709551615>, xgboost::common<xgboost::FeatureType const , unsigned long=18446744073709551615>, xgboost::common<unsigned int const , unsigned long=18446744073709551615>, xgboost::common<xgboost::common::Span::Segment const , unsigned long=18446744073709551615>, unsigned int const , unsigned long, unsigned long, unsigned long, unsigned long, unsigned long, bool, int, float)",0,1,0.42209983,xgboost,eye_movements:numerical
13.576932,"void xgboost::predictor::PredictKernel<xgboost::predictor::SparsePageLoader, xgboost::predictor::SparsePageView, bool=0>(xgboost::predictor::SparsePageView, xgboost::common::Span<xgboost::RegTree::Node const , unsigned long=18446744073709551615>, xgboost::common<float, unsigned long=18446744073709551615>, xgboost::common<unsigned long const , unsigned long=18446744073709551615>, xgboost::common<int const , unsigned long=18446744073709551615>, xgboost::common<xgboost::FeatureType const , unsigned long=18446744073709551615>, xgboost::common<unsigned int const , unsigned long=18446744073709551615>, xgboost::common<xgboost::common::Span::Segment const , unsigned long=18446744073709551615>, unsigned int const , unsigned long, unsigned long, unsigned long, unsigned long, unsigned long, bool, int, float)",1,1,0.3918222,xgboost,eye_movements:numerical
13.517508,"void xgboost::predictor::PredictKernel<xgboost::predictor::SparsePageLoader, xgboost::predictor::SparsePageView, bool=0>(xgboost::predictor::SparsePageView, xgboost::common::Span<xgboost::RegTree::Node const , unsigned long=18446744073709551615>, xgboost::common<float, unsigned long=18446744073709551615>, xgboost::common<unsigned long const , unsigned long=18446744073709551615>, xgboost::common<int const , unsigned long=18446744073709551615>, xgboost::common<xgboost::FeatureType const , unsigned long=18446744073709551615>, xgboost::common<unsigned int const , unsigned long=18446744073709551615>, xgboost::common<xgboost::common::Span::Segment const , unsigned long=18446744073709551615>, unsigned int const , unsigned long, unsigned long, unsigned long, unsigned long, unsigned long, bool, int, float)",2,1,0.43468238,xgboost,eye_movements:numerical
16.561758,"void xgboost::predictor::PredictKernel<xgboost::predictor::SparsePageLoader, xgboost::predictor::SparsePageView, bool=0>(xgboost::predictor::SparsePageView, xgboost::common::Span<xgboost::RegTree::Node const , unsigned long=18446744073709551615>, xgboost::common<float, unsigned long=18446744073709551615>, xgboost::common<unsigned long const , unsigned long=18446744073709551615>, xgboost::common<int const , unsigned long=18446744073709551615>, xgboost::common<xgboost::FeatureType const , unsigned long=18446744073709551615>, xgboost::common<unsigned int const , unsigned long=18446744073709551615>, xgboost::common<xgboost::common::Span::Segment const , unsigned long=18446744073709551615>, unsigned int const , unsigned long, unsigned long, unsigned long, unsigned long, unsigned long, bool, int, float)",0,13,0.46142015999999997,xgboost,eye_movements:numerical
16.590014,"void xgboost::predictor::PredictKernel<xgboost::predictor::SparsePageLoader, xgboost::predictor::SparsePageView, bool=0>(xgboost::predictor::SparsePageView, xgboost::common::Span<xgboost::RegTree::Node const , unsigned long=18446744073709551615>, xgboost::common<float, unsigned long=18446744073709551615>, xgboost::common<unsigned long const , unsigned long=18446744073709551615>, xgboost::common<int const , unsigned long=18446744073709551615>, xgboost::common<xgboost::FeatureType const , unsigned long=18446744073709551615>, xgboost::common<unsigned int const , unsigned long=18446744073709551615>, xgboost::common<xgboost::common::Span::Segment const , unsigned long=18446744073709551615>, unsigned int const , unsigned long, unsigned long, unsigned long, unsigned long, unsigned long, bool, int, float)",1,13,0.48341912,xgboost,eye_movements:numerical
16.733374,"void xgboost::predictor::PredictKernel<xgboost::predictor::SparsePageLoader, xgboost::predictor::SparsePageView, bool=0>(xgboost::predictor::SparsePageView, xgboost::common::Span<xgboost::RegTree::Node const , unsigned long=18446744073709551615>, xgboost::common<float, unsigned long=18446744073709551615>, xgboost::common<unsigned long const , unsigned long=18446744073709551615>, xgboost::common<int const , unsigned long=18446744073709551615>, xgboost::common<xgboost::FeatureType const , unsigned long=18446744073709551615>, xgboost::common<unsigned int const , unsigned long=18446744073709551615>, xgboost::common<xgboost::common::Span::Segment const , unsigned long=18446744073709551615>, unsigned int const , unsigned long, unsigned long, unsigned long, unsigned long, unsigned long, bool, int, float)",2,13,0.45852226,xgboost,eye_movements:numerical
14.354851,"void xgboost::predictor::PredictKernel<xgboost::predictor::SparsePageLoader, xgboost::predictor::SparsePageView, bool=0>(xgboost::predictor::SparsePageView, xgboost::common::Span<xgboost::RegTree::Node const , unsigned long=18446744073709551615>, xgboost::common<float, unsigned long=18446744073709551615>, xgboost::common<unsigned long const , unsigned long=18446744073709551615>, xgboost::common<int const , unsigned long=18446744073709551615>, xgboost::common<xgboost::FeatureType const , unsigned long=18446744073709551615>, xgboost::common<unsigned int const , unsigned long=18446744073709551615>, xgboost::common<xgboost::common::Span::Segment const , unsigned long=18446744073709551615>, unsigned int const , unsigned long, unsigned long, unsigned long, unsigned long, unsigned long, bool, int, float)",0,194,0.43210819,xgboost,eye_movements:numerical
14.440867,"void xgboost::predictor::PredictKernel<xgboost::predictor::SparsePageLoader, xgboost::predictor::SparsePageView, bool=0>(xgboost::predictor::SparsePageView, xgboost::common::Span<xgboost::RegTree::Node const , unsigned long=18446744073709551615>, xgboost::common<float, unsigned long=18446744073709551615>, xgboost::common<unsigned long const , unsigned long=18446744073709551615>, xgboost::common<int const , unsigned long=18446744073709551615>, xgboost::common<xgboost::FeatureType const , unsigned long=18446744073709551615>, xgboost::common<unsigned int const , unsigned long=18446744073709551615>, xgboost::common<xgboost::common::Span::Segment const , unsigned long=18446744073709551615>, unsigned int const , unsigned long, unsigned long, unsigned long, unsigned long, unsigned long, bool, int, float)",1,194,0.45405049,xgboost,eye_movements:numerical
14.435683,"void xgboost::predictor::PredictKernel<xgboost::predictor::SparsePageLoader, xgboost::predictor::SparsePageView, bool=0>(xgboost::predictor::SparsePageView, xgboost::common::Span<xgboost::RegTree::Node const , unsigned long=18446744073709551615>, xgboost::common<float, unsigned long=18446744073709551615>, xgboost::common<unsigned long const , unsigned long=18446744073709551615>, xgboost::common<int const , unsigned long=18446744073709551615>, xgboost::common<xgboost::FeatureType const , unsigned long=18446744073709551615>, xgboost::common<unsigned int const , unsigned long=18446744073709551615>, xgboost::common<xgboost::common::Span::Segment const , unsigned long=18446744073709551615>, unsigned int const , unsigned long, unsigned long, unsigned long, unsigned long, unsigned long, bool, int, float)",2,194,0.40509665,xgboost,eye_movements:numerical
13.963844,"void xgboost::predictor::PredictKernel<xgboost::predictor::SparsePageLoader, xgboost::predictor::SparsePageView, bool=0>(xgboost::predictor::SparsePageView, xgboost::common::Span<xgboost::RegTree::Node const , unsigned long=18446744073709551615>, xgboost::common<float, unsigned long=18446744073709551615>, xgboost::common<unsigned long const , unsigned long=18446744073709551615>, xgboost::common<int const , unsigned long=18446744073709551615>, xgboost::common<xgboost::FeatureType const , unsigned long=18446744073709551615>, xgboost::common<unsigned int const , unsigned long=18446744073709551615>, xgboost::common<xgboost::common::Span::Segment const , unsigned long=18446744073709551615>, unsigned int const , unsigned long, unsigned long, unsigned long, unsigned long, unsigned long, bool, int, float)",0,2702,0.42229550000000005,xgboost,eye_movements:numerical
13.934179,"void xgboost::predictor::PredictKernel<xgboost::predictor::SparsePageLoader, xgboost::predictor::SparsePageView, bool=0>(xgboost::predictor::SparsePageView, xgboost::common::Span<xgboost::RegTree::Node const , unsigned long=18446744073709551615>, xgboost::common<float, unsigned long=18446744073709551615>, xgboost::common<unsigned long const , unsigned long=18446744073709551615>, xgboost::common<int const , unsigned long=18446744073709551615>, xgboost::common<xgboost::FeatureType const , unsigned long=18446744073709551615>, xgboost::common<unsigned int const , unsigned long=18446744073709551615>, xgboost::common<xgboost::common::Span::Segment const , unsigned long=18446744073709551615>, unsigned int const , unsigned long, unsigned long, unsigned long, unsigned long, unsigned long, bool, int, float)",1,2702,0.41483221,xgboost,eye_movements:numerical
13.967045,"void xgboost::predictor::PredictKernel<xgboost::predictor::SparsePageLoader, xgboost::predictor::SparsePageView, bool=0>(xgboost::predictor::SparsePageView, xgboost::common::Span<xgboost::RegTree::Node const , unsigned long=18446744073709551615>, xgboost::common<float, unsigned long=18446744073709551615>, xgboost::common<unsigned long const , unsigned long=18446744073709551615>, xgboost::common<int const , unsigned long=18446744073709551615>, xgboost::common<xgboost::FeatureType const , unsigned long=18446744073709551615>, xgboost::common<unsigned int const , unsigned long=18446744073709551615>, xgboost::common<xgboost::common::Span::Segment const , unsigned long=18446744073709551615>, unsigned int const , unsigned long, unsigned long, unsigned long, unsigned long, unsigned long, bool, int, float)",2,2702,0.41693945,xgboost,eye_movements:numerical
14.643010,"void xgboost::predictor::PredictKernel<xgboost::predictor::SparsePageLoader, xgboost::predictor::SparsePageView, bool=0>(xgboost::predictor::SparsePageView, xgboost::common::Span<xgboost::RegTree::Node const , unsigned long=18446744073709551615>, xgboost::common<float, unsigned long=18446744073709551615>, xgboost::common<unsigned long const , unsigned long=18446744073709551615>, xgboost::common<int const , unsigned long=18446744073709551615>, xgboost::common<xgboost::FeatureType const , unsigned long=18446744073709551615>, xgboost::common<unsigned int const , unsigned long=18446744073709551615>, xgboost::common<xgboost::common::Span::Segment const , unsigned long=18446744073709551615>, unsigned int const , unsigned long, unsigned long, unsigned long, unsigned long, unsigned long, bool, int, float)",0,37640,0.44402645,xgboost,eye_movements:numerical
14.667234,"void xgboost::predictor::PredictKernel<xgboost::predictor::SparsePageLoader, xgboost::predictor::SparsePageView, bool=0>(xgboost::predictor::SparsePageView, xgboost::common::Span<xgboost::RegTree::Node const , unsigned long=18446744073709551615>, xgboost::common<float, unsigned long=18446744073709551615>, xgboost::common<unsigned long const , unsigned long=18446744073709551615>, xgboost::common<int const , unsigned long=18446744073709551615>, xgboost::common<xgboost::FeatureType const , unsigned long=18446744073709551615>, xgboost::common<unsigned int const , unsigned long=18446744073709551615>, xgboost::common<xgboost::common::Span::Segment const , unsigned long=18446744073709551615>, unsigned int const , unsigned long, unsigned long, unsigned long, unsigned long, unsigned long, bool, int, float)",1,37640,0.39283298,xgboost,eye_movements:numerical
14.661474,"void xgboost::predictor::PredictKernel<xgboost::predictor::SparsePageLoader, xgboost::predictor::SparsePageView, bool=0>(xgboost::predictor::SparsePageView, xgboost::common::Span<xgboost::RegTree::Node const , unsigned long=18446744073709551615>, xgboost::common<float, unsigned long=18446744073709551615>, xgboost::common<unsigned long const , unsigned long=18446744073709551615>, xgboost::common<int const , unsigned long=18446744073709551615>, xgboost::common<xgboost::FeatureType const , unsigned long=18446744073709551615>, xgboost::common<unsigned int const , unsigned long=18446744073709551615>, xgboost::common<xgboost::common::Span::Segment const , unsigned long=18446744073709551615>, unsigned int const , unsigned long, unsigned long, unsigned long, unsigned long, unsigned long, bool, int, float)",2,37640,0.38158453999999997,xgboost,eye_movements:numerical
160.834740,"void xgboost::predictor::PredictKernel<xgboost::predictor::SparsePageLoader, xgboost::predictor::SparsePageView, bool=0>(xgboost::predictor::SparsePageView, xgboost::common::Span<xgboost::RegTree::Node const , unsigned long=18446744073709551615>, xgboost::common<float, unsigned long=18446744073709551615>, xgboost::common<unsigned long const , unsigned long=18446744073709551615>, xgboost::common<int const , unsigned long=18446744073709551615>, xgboost::common<xgboost::FeatureType const , unsigned long=18446744073709551615>, xgboost::common<unsigned int const , unsigned long=18446744073709551615>, xgboost::common<xgboost::common::Span::Segment const , unsigned long=18446744073709551615>, unsigned int const , unsigned long, unsigned long, unsigned long, unsigned long, unsigned long, bool, int, float)",0,524288,0.80990914,xgboost,eye_movements:numerical
161.910515,"void xgboost::predictor::PredictKernel<xgboost::predictor::SparsePageLoader, xgboost::predictor::SparsePageView, bool=0>(xgboost::predictor::SparsePageView, xgboost::common::Span<xgboost::RegTree::Node const , unsigned long=18446744073709551615>, xgboost::common<float, unsigned long=18446744073709551615>, xgboost::common<unsigned long const , unsigned long=18446744073709551615>, xgboost::common<int const , unsigned long=18446744073709551615>, xgboost::common<xgboost::FeatureType const , unsigned long=18446744073709551615>, xgboost::common<unsigned int const , unsigned long=18446744073709551615>, xgboost::common<xgboost::common::Span::Segment const , unsigned long=18446744073709551615>, unsigned int const , unsigned long, unsigned long, unsigned long, unsigned long, unsigned long, bool, int, float)",1,524288,0.77479507,xgboost,eye_movements:numerical
153.756356,"void xgboost::predictor::PredictKernel<xgboost::predictor::SparsePageLoader, xgboost::predictor::SparsePageView, bool=0>(xgboost::predictor::SparsePageView, xgboost::common::Span<xgboost::RegTree::Node const , unsigned long=18446744073709551615>, xgboost::common<float, unsigned long=18446744073709551615>, xgboost::common<unsigned long const , unsigned long=18446744073709551615>, xgboost::common<int const , unsigned long=18446744073709551615>, xgboost::common<xgboost::FeatureType const , unsigned long=18446744073709551615>, xgboost::common<unsigned int const , unsigned long=18446744073709551615>, xgboost::common<xgboost::common::Span::Segment const , unsigned long=18446744073709551615>, unsigned int const , unsigned long, unsigned long, unsigned long, unsigned long, unsigned long, bool, int, float)",2,524288,0.70972628,xgboost,eye_movements:numerical
5.528660,"void xgboost::predictor::PredictKernel<xgboost::predictor::SparsePageLoader, xgboost::predictor::SparsePageView, bool=0>(xgboost::predictor::SparsePageView, xgboost::common::Span<xgboost::RegTree::Node const , unsigned long=18446744073709551615>, xgboost::common<float, unsigned long=18446744073709551615>, xgboost::common<unsigned long const , unsigned long=18446744073709551615>, xgboost::common<int const , unsigned long=18446744073709551615>, xgboost::common<xgboost::FeatureType const , unsigned long=18446744073709551615>, xgboost::common<unsigned int const , unsigned long=18446744073709551615>, xgboost::common<xgboost::common::Span::Segment const , unsigned long=18446744073709551615>, unsigned int const , unsigned long, unsigned long, unsigned long, unsigned long, unsigned long, bool, int, float)",0,1,0.45929094,xgboost,forest_cover_type:numerical
5.365654,"void xgboost::predictor::PredictKernel<xgboost::predictor::SparsePageLoader, xgboost::predictor::SparsePageView, bool=0>(xgboost::predictor::SparsePageView, xgboost::common::Span<xgboost::RegTree::Node const , unsigned long=18446744073709551615>, xgboost::common<float, unsigned long=18446744073709551615>, xgboost::common<unsigned long const , unsigned long=18446744073709551615>, xgboost::common<int const , unsigned long=18446744073709551615>, xgboost::common<xgboost::FeatureType const , unsigned long=18446744073709551615>, xgboost::common<unsigned int const , unsigned long=18446744073709551615>, xgboost::common<xgboost::common::Span::Segment const , unsigned long=18446744073709551615>, unsigned int const , unsigned long, unsigned long, unsigned long, unsigned long, unsigned long, bool, int, float)",1,1,0.48117633,xgboost,forest_cover_type:numerical
6.301875,"void xgboost::predictor::PredictKernel<xgboost::predictor::SparsePageLoader, xgboost::predictor::SparsePageView, bool=0>(xgboost::predictor::SparsePageView, xgboost::common::Span<xgboost::RegTree::Node const , unsigned long=18446744073709551615>, xgboost::common<float, unsigned long=18446744073709551615>, xgboost::common<unsigned long const , unsigned long=18446744073709551615>, xgboost::common<int const , unsigned long=18446744073709551615>, xgboost::common<xgboost::FeatureType const , unsigned long=18446744073709551615>, xgboost::common<unsigned int const , unsigned long=18446744073709551615>, xgboost::common<xgboost::common::Span::Segment const , unsigned long=18446744073709551615>, unsigned int const , unsigned long, unsigned long, unsigned long, unsigned long, unsigned long, bool, int, float)",2,1,0.47433297,xgboost,forest_cover_type:numerical
7.831024,"void xgboost::predictor::PredictKernel<xgboost::predictor::SparsePageLoader, xgboost::predictor::SparsePageView, bool=0>(xgboost::predictor::SparsePageView, xgboost::common::Span<xgboost::RegTree::Node const , unsigned long=18446744073709551615>, xgboost::common<float, unsigned long=18446744073709551615>, xgboost::common<unsigned long const , unsigned long=18446744073709551615>, xgboost::common<int const , unsigned long=18446744073709551615>, xgboost::common<xgboost::FeatureType const , unsigned long=18446744073709551615>, xgboost::common<unsigned int const , unsigned long=18446744073709551615>, xgboost::common<xgboost::common::Span::Segment const , unsigned long=18446744073709551615>, unsigned int const , unsigned long, unsigned long, unsigned long, unsigned long, unsigned long, bool, int, float)",0,13,0.5718519,xgboost,forest_cover_type:numerical
7.769392,"void xgboost::predictor::PredictKernel<xgboost::predictor::SparsePageLoader, xgboost::predictor::SparsePageView, bool=0>(xgboost::predictor::SparsePageView, xgboost::common::Span<xgboost::RegTree::Node const , unsigned long=18446744073709551615>, xgboost::common<float, unsigned long=18446744073709551615>, xgboost::common<unsigned long const , unsigned long=18446744073709551615>, xgboost::common<int const , unsigned long=18446744073709551615>, xgboost::common<xgboost::FeatureType const , unsigned long=18446744073709551615>, xgboost::common<unsigned int const , unsigned long=18446744073709551615>, xgboost::common<xgboost::common::Span::Segment const , unsigned long=18446744073709551615>, unsigned int const , unsigned long, unsigned long, unsigned long, unsigned long, unsigned long, bool, int, float)",1,13,0.55743601,xgboost,forest_cover_type:numerical
7.822384,"void xgboost::predictor::PredictKernel<xgboost::predictor::SparsePageLoader, xgboost::predictor::SparsePageView, bool=0>(xgboost::predictor::SparsePageView, xgboost::common::Span<xgboost::RegTree::Node const , unsigned long=18446744073709551615>, xgboost::common<float, unsigned long=18446744073709551615>, xgboost::common<unsigned long const , unsigned long=18446744073709551615>, xgboost::common<int const , unsigned long=18446744073709551615>, xgboost::common<xgboost::FeatureType const , unsigned long=18446744073709551615>, xgboost::common<unsigned int const , unsigned long=18446744073709551615>, xgboost::common<xgboost::common::Span::Segment const , unsigned long=18446744073709551615>, unsigned int const , unsigned long, unsigned long, unsigned long, unsigned long, unsigned long, bool, int, float)",2,13,0.5711809800000001,xgboost,forest_cover_type:numerical
6.772274,"void xgboost::predictor::PredictKernel<xgboost::predictor::SparsePageLoader, xgboost::predictor::SparsePageView, bool=0>(xgboost::predictor::SparsePageView, xgboost::common::Span<xgboost::RegTree::Node const , unsigned long=18446744073709551615>, xgboost::common<float, unsigned long=18446744073709551615>, xgboost::common<unsigned long const , unsigned long=18446744073709551615>, xgboost::common<int const , unsigned long=18446744073709551615>, xgboost::common<xgboost::FeatureType const , unsigned long=18446744073709551615>, xgboost::common<unsigned int const , unsigned long=18446744073709551615>, xgboost::common<xgboost::common::Span::Segment const , unsigned long=18446744073709551615>, unsigned int const , unsigned long, unsigned long, unsigned long, unsigned long, unsigned long, bool, int, float)",0,194,0.5166394,xgboost,forest_cover_type:numerical
6.651987,"void xgboost::predictor::PredictKernel<xgboost::predictor::SparsePageLoader, xgboost::predictor::SparsePageView, bool=0>(xgboost::predictor::SparsePageView, xgboost::common::Span<xgboost::RegTree::Node const , unsigned long=18446744073709551615>, xgboost::common<float, unsigned long=18446744073709551615>, xgboost::common<unsigned long const , unsigned long=18446744073709551615>, xgboost::common<int const , unsigned long=18446744073709551615>, xgboost::common<xgboost::FeatureType const , unsigned long=18446744073709551615>, xgboost::common<unsigned int const , unsigned long=18446744073709551615>, xgboost::common<xgboost::common::Span::Segment const , unsigned long=18446744073709551615>, unsigned int const , unsigned long, unsigned long, unsigned long, unsigned long, unsigned long, bool, int, float)",1,194,0.47366855,xgboost,forest_cover_type:numerical
6.783730,"void xgboost::predictor::PredictKernel<xgboost::predictor::SparsePageLoader, xgboost::predictor::SparsePageView, bool=0>(xgboost::predictor::SparsePageView, xgboost::common::Span<xgboost::RegTree::Node const , unsigned long=18446744073709551615>, xgboost::common<float, unsigned long=18446744073709551615>, xgboost::common<unsigned long const , unsigned long=18446744073709551615>, xgboost::common<int const , unsigned long=18446744073709551615>, xgboost::common<xgboost::FeatureType const , unsigned long=18446744073709551615>, xgboost::common<unsigned int const , unsigned long=18446744073709551615>, xgboost::common<xgboost::common::Span::Segment const , unsigned long=18446744073709551615>, unsigned int const , unsigned long, unsigned long, unsigned long, unsigned long, unsigned long, bool, int, float)",2,194,0.48043621000000003,xgboost,forest_cover_type:numerical
6.603538,"void xgboost::predictor::PredictKernel<xgboost::predictor::SparsePageLoader, xgboost::predictor::SparsePageView, bool=0>(xgboost::predictor::SparsePageView, xgboost::common::Span<xgboost::RegTree::Node const , unsigned long=18446744073709551615>, xgboost::common<float, unsigned long=18446744073709551615>, xgboost::common<unsigned long const , unsigned long=18446744073709551615>, xgboost::common<int const , unsigned long=18446744073709551615>, xgboost::common<xgboost::FeatureType const , unsigned long=18446744073709551615>, xgboost::common<unsigned int const , unsigned long=18446744073709551615>, xgboost::common<xgboost::common::Span::Segment const , unsigned long=18446744073709551615>, unsigned int const , unsigned long, unsigned long, unsigned long, unsigned long, unsigned long, bool, int, float)",0,2702,0.49893855000000004,xgboost,forest_cover_type:numerical
6.620402,"void xgboost::predictor::PredictKernel<xgboost::predictor::SparsePageLoader, xgboost::predictor::SparsePageView, bool=0>(xgboost::predictor::SparsePageView, xgboost::common::Span<xgboost::RegTree::Node const , unsigned long=18446744073709551615>, xgboost::common<float, unsigned long=18446744073709551615>, xgboost::common<unsigned long const , unsigned long=18446744073709551615>, xgboost::common<int const , unsigned long=18446744073709551615>, xgboost::common<xgboost::FeatureType const , unsigned long=18446744073709551615>, xgboost::common<unsigned int const , unsigned long=18446744073709551615>, xgboost::common<xgboost::common::Span::Segment const , unsigned long=18446744073709551615>, unsigned int const , unsigned long, unsigned long, unsigned long, unsigned long, unsigned long, bool, int, float)",1,2702,0.5127222100000001,xgboost,forest_cover_type:numerical
6.616082,"void xgboost::predictor::PredictKernel<xgboost::predictor::SparsePageLoader, xgboost::predictor::SparsePageView, bool=0>(xgboost::predictor::SparsePageView, xgboost::common::Span<xgboost::RegTree::Node const , unsigned long=18446744073709551615>, xgboost::common<float, unsigned long=18446744073709551615>, xgboost::common<unsigned long const , unsigned long=18446744073709551615>, xgboost::common<int const , unsigned long=18446744073709551615>, xgboost::common<xgboost::FeatureType const , unsigned long=18446744073709551615>, xgboost::common<unsigned int const , unsigned long=18446744073709551615>, xgboost::common<xgboost::common::Span::Segment const , unsigned long=18446744073709551615>, unsigned int const , unsigned long, unsigned long, unsigned long, unsigned long, unsigned long, bool, int, float)",2,2702,0.48569358,xgboost,forest_cover_type:numerical
13.518628,"void xgboost::predictor::PredictKernel<xgboost::predictor::SparsePageLoader, xgboost::predictor::SparsePageView, bool=0>(xgboost::predictor::SparsePageView, xgboost::common::Span<xgboost::RegTree::Node const , unsigned long=18446744073709551615>, xgboost::common<float, unsigned long=18446744073709551615>, xgboost::common<unsigned long const , unsigned long=18446744073709551615>, xgboost::common<int const , unsigned long=18446744073709551615>, xgboost::common<xgboost::FeatureType const , unsigned long=18446744073709551615>, xgboost::common<unsigned int const , unsigned long=18446744073709551615>, xgboost::common<xgboost::common::Span::Segment const , unsigned long=18446744073709551615>, unsigned int const , unsigned long, unsigned long, unsigned long, unsigned long, unsigned long, bool, int, float)",0,37640,0.5229378299999999,xgboost,forest_cover_type:numerical
13.533284,"void xgboost::predictor::PredictKernel<xgboost::predictor::SparsePageLoader, xgboost::predictor::SparsePageView, bool=0>(xgboost::predictor::SparsePageView, xgboost::common::Span<xgboost::RegTree::Node const , unsigned long=18446744073709551615>, xgboost::common<float, unsigned long=18446744073709551615>, xgboost::common<unsigned long const , unsigned long=18446744073709551615>, xgboost::common<int const , unsigned long=18446744073709551615>, xgboost::common<xgboost::FeatureType const , unsigned long=18446744073709551615>, xgboost::common<unsigned int const , unsigned long=18446744073709551615>, xgboost::common<xgboost::common::Span::Segment const , unsigned long=18446744073709551615>, unsigned int const , unsigned long, unsigned long, unsigned long, unsigned long, unsigned long, bool, int, float)",1,37640,0.5184961100000001,xgboost,forest_cover_type:numerical
13.540964,"void xgboost::predictor::PredictKernel<xgboost::predictor::SparsePageLoader, xgboost::predictor::SparsePageView, bool=0>(xgboost::predictor::SparsePageView, xgboost::common::Span<xgboost::RegTree::Node const , unsigned long=18446744073709551615>, xgboost::common<float, unsigned long=18446744073709551615>, xgboost::common<unsigned long const , unsigned long=18446744073709551615>, xgboost::common<int const , unsigned long=18446744073709551615>, xgboost::common<xgboost::FeatureType const , unsigned long=18446744073709551615>, xgboost::common<unsigned int const , unsigned long=18446744073709551615>, xgboost::common<xgboost::common::Span::Segment const , unsigned long=18446744073709551615>, unsigned int const , unsigned long, unsigned long, unsigned long, unsigned long, unsigned long, bool, int, float)",2,37640,0.52493651,xgboost,forest_cover_type:numerical
125.252889,"void xgboost::predictor::PredictKernel<xgboost::predictor::SparsePageLoader, xgboost::predictor::SparsePageView, bool=0>(xgboost::predictor::SparsePageView, xgboost::common::Span<xgboost::RegTree::Node const , unsigned long=18446744073709551615>, xgboost::common<float, unsigned long=18446744073709551615>, xgboost::common<unsigned long const , unsigned long=18446744073709551615>, xgboost::common<int const , unsigned long=18446744073709551615>, xgboost::common<xgboost::FeatureType const , unsigned long=18446744073709551615>, xgboost::common<unsigned int const , unsigned long=18446744073709551615>, xgboost::common<xgboost::common::Span::Segment const , unsigned long=18446744073709551615>, unsigned int const , unsigned long, unsigned long, unsigned long, unsigned long, unsigned long, bool, int, float)",0,524288,0.67913647,xgboost,forest_cover_type:numerical
115.994956,"void xgboost::predictor::PredictKernel<xgboost::predictor::SparsePageLoader, xgboost::predictor::SparsePageView, bool=0>(xgboost::predictor::SparsePageView, xgboost::common::Span<xgboost::RegTree::Node const , unsigned long=18446744073709551615>, xgboost::common<float, unsigned long=18446744073709551615>, xgboost::common<unsigned long const , unsigned long=18446744073709551615>, xgboost::common<int const , unsigned long=18446744073709551615>, xgboost::common<xgboost::FeatureType const , unsigned long=18446744073709551615>, xgboost::common<unsigned int const , unsigned long=18446744073709551615>, xgboost::common<xgboost::common::Span::Segment const , unsigned long=18446744073709551615>, unsigned int const , unsigned long, unsigned long, unsigned long, unsigned long, unsigned long, bool, int, float)",1,524288,0.5549163500000001,xgboost,forest_cover_type:numerical
111.295605,"void xgboost::predictor::PredictKernel<xgboost::predictor::SparsePageLoader, xgboost::predictor::SparsePageView, bool=0>(xgboost::predictor::SparsePageView, xgboost::common::Span<xgboost::RegTree::Node const , unsigned long=18446744073709551615>, xgboost::common<float, unsigned long=18446744073709551615>, xgboost::common<unsigned long const , unsigned long=18446744073709551615>, xgboost::common<int const , unsigned long=18446744073709551615>, xgboost::common<xgboost::FeatureType const , unsigned long=18446744073709551615>, xgboost::common<unsigned int const , unsigned long=18446744073709551615>, xgboost::common<xgboost::common::Span::Segment const , unsigned long=18446744073709551615>, unsigned int const , unsigned long, unsigned long, unsigned long, unsigned long, unsigned long, bool, int, float)",2,524288,0.54815497,xgboost,forest_cover_type:numerical
0.017632,"void ML::fil::infer_k<int=1, ML::fil::leaf_algo_t, bool=1, bool=1, ML::fil::storage<ML::fil::dense_node<double>>>(double, ML::fil::predict_params)",0,1,0.00488697,rf,gas_concentrations:numerical
0.017248,"void ML::fil::infer_k<int=1, ML::fil::leaf_algo_t, bool=1, bool=1, ML::fil::storage<ML::fil::dense_node<double>>>(double, ML::fil::predict_params)",1,1,0.00494496,rf,gas_concentrations:numerical
0.020191,"void ML::fil::infer_k<int=1, ML::fil::leaf_algo_t, bool=1, bool=1, ML::fil::storage<ML::fil::dense_node<double>>>(double, ML::fil::predict_params)",2,1,0.00574895,rf,gas_concentrations:numerical
0.020864,"void ML::fil::infer_k<int=1, ML::fil::leaf_algo_t, bool=1, bool=1, ML::fil::storage<ML::fil::dense_node<double>>>(double, ML::fil::predict_params)",0,13,0.00826794,rf,gas_concentrations:numerical
0.020768,"void ML::fil::infer_k<int=1, ML::fil::leaf_algo_t, bool=1, bool=1, ML::fil::storage<ML::fil::dense_node<double>>>(double, ML::fil::predict_params)",1,13,0.008181840000000001,rf,gas_concentrations:numerical
0.021984,"void ML::fil::infer_k<int=1, ML::fil::leaf_algo_t, bool=1, bool=1, ML::fil::storage<ML::fil::dense_node<double>>>(double, ML::fil::predict_params)",2,13,0.0061528400000000006,rf,gas_concentrations:numerical
0.025536,"void ML::fil::infer_k<int=1, ML::fil::leaf_algo_t, bool=1, bool=1, ML::fil::storage<ML::fil::dense_node<double>>>(double, ML::fil::predict_params)",0,194,0.00714805,rf,gas_concentrations:numerical
0.025280,"void ML::fil::infer_k<int=1, ML::fil::leaf_algo_t, bool=1, bool=1, ML::fil::storage<ML::fil::dense_node<double>>>(double, ML::fil::predict_params)",1,194,0.010378499999999999,rf,gas_concentrations:numerical
0.025472,"void ML::fil::infer_k<int=1, ML::fil::leaf_algo_t, bool=1, bool=1, ML::fil::storage<ML::fil::dense_node<double>>>(double, ML::fil::predict_params)",2,194,0.00710063,rf,gas_concentrations:numerical
0.164448,"void ML::fil::infer_k<int=1, ML::fil::leaf_algo_t, bool=1, bool=1, ML::fil::storage<ML::fil::dense_node<double>>>(double, ML::fil::predict_params)",0,2702,0.05668943,rf,gas_concentrations:numerical
0.166816,"void ML::fil::infer_k<int=1, ML::fil::leaf_algo_t, bool=1, bool=1, ML::fil::storage<ML::fil::dense_node<double>>>(double, ML::fil::predict_params)",1,2702,0.04158033,rf,gas_concentrations:numerical
0.167616,"void ML::fil::infer_k<int=1, ML::fil::leaf_algo_t, bool=1, bool=1, ML::fil::storage<ML::fil::dense_node<double>>>(double, ML::fil::predict_params)",2,2702,0.041416680000000004,rf,gas_concentrations:numerical
1.824988,"void ML::fil::infer_k<int=1, ML::fil::leaf_algo_t, bool=1, bool=1, ML::fil::storage<ML::fil::dense_node<double>>>(double, ML::fil::predict_params)",0,37640,0.21344093,rf,gas_concentrations:numerical
1.824124,"void ML::fil::infer_k<int=1, ML::fil::leaf_algo_t, bool=1, bool=1, ML::fil::storage<ML::fil::dense_node<double>>>(double, ML::fil::predict_params)",1,37640,0.19099823000000002,rf,gas_concentrations:numerical
1.831133,"void ML::fil::infer_k<int=1, ML::fil::leaf_algo_t, bool=1, bool=1, ML::fil::storage<ML::fil::dense_node<double>>>(double, ML::fil::predict_params)",2,37640,0.22232546,rf,gas_concentrations:numerical
24.611724,"void ML::fil::infer_k<int=1, ML::fil::leaf_algo_t, bool=1, bool=1, ML::fil::storage<ML::fil::dense_node<double>>>(double, ML::fil::predict_params)",0,524288,0.29173027,rf,gas_concentrations:numerical
25.025452,"void ML::fil::infer_k<int=1, ML::fil::leaf_algo_t, bool=1, bool=1, ML::fil::storage<ML::fil::dense_node<double>>>(double, ML::fil::predict_params)",1,524288,0.34127752,rf,gas_concentrations:numerical
22.359889,"void ML::fil::infer_k<int=1, ML::fil::leaf_algo_t, bool=1, bool=1, ML::fil::storage<ML::fil::dense_node<double>>>(double, ML::fil::predict_params)",2,524288,0.29151535,rf,gas_concentrations:numerical
8.528782,"void xgboost::predictor::PredictKernel<xgboost::predictor::SparsePageLoader, xgboost::predictor::SparsePageView, bool=0>(xgboost::predictor::SparsePageView, xgboost::common::Span<xgboost::RegTree::Node const , unsigned long=18446744073709551615>, xgboost::common<float, unsigned long=18446744073709551615>, xgboost::common<unsigned long const , unsigned long=18446744073709551615>, xgboost::common<int const , unsigned long=18446744073709551615>, xgboost::common<xgboost::FeatureType const , unsigned long=18446744073709551615>, xgboost::common<unsigned int const , unsigned long=18446744073709551615>, xgboost::common<xgboost::common::Span::Segment const , unsigned long=18446744073709551615>, unsigned int const , unsigned long, unsigned long, unsigned long, unsigned long, unsigned long, bool, int, float)",0,1,0.51098083,xgboost,gesture_phase_segmentation:numerical
9.223853,"void xgboost::predictor::PredictKernel<xgboost::predictor::SparsePageLoader, xgboost::predictor::SparsePageView, bool=0>(xgboost::predictor::SparsePageView, xgboost::common::Span<xgboost::RegTree::Node const , unsigned long=18446744073709551615>, xgboost::common<float, unsigned long=18446744073709551615>, xgboost::common<unsigned long const , unsigned long=18446744073709551615>, xgboost::common<int const , unsigned long=18446744073709551615>, xgboost::common<xgboost::FeatureType const , unsigned long=18446744073709551615>, xgboost::common<unsigned int const , unsigned long=18446744073709551615>, xgboost::common<xgboost::common::Span::Segment const , unsigned long=18446744073709551615>, unsigned int const , unsigned long, unsigned long, unsigned long, unsigned long, unsigned long, bool, int, float)",1,1,0.51637276,xgboost,gesture_phase_segmentation:numerical
10.889866,"void xgboost::predictor::PredictKernel<xgboost::predictor::SparsePageLoader, xgboost::predictor::SparsePageView, bool=0>(xgboost::predictor::SparsePageView, xgboost::common::Span<xgboost::RegTree::Node const , unsigned long=18446744073709551615>, xgboost::common<float, unsigned long=18446744073709551615>, xgboost::common<unsigned long const , unsigned long=18446744073709551615>, xgboost::common<int const , unsigned long=18446744073709551615>, xgboost::common<xgboost::FeatureType const , unsigned long=18446744073709551615>, xgboost::common<unsigned int const , unsigned long=18446744073709551615>, xgboost::common<xgboost::common::Span::Segment const , unsigned long=18446744073709551615>, unsigned int const , unsigned long, unsigned long, unsigned long, unsigned long, unsigned long, bool, int, float)",2,1,0.55835419,xgboost,gesture_phase_segmentation:numerical
12.692166,"void xgboost::predictor::PredictKernel<xgboost::predictor::SparsePageLoader, xgboost::predictor::SparsePageView, bool=0>(xgboost::predictor::SparsePageView, xgboost::common::Span<xgboost::RegTree::Node const , unsigned long=18446744073709551615>, xgboost::common<float, unsigned long=18446744073709551615>, xgboost::common<unsigned long const , unsigned long=18446744073709551615>, xgboost::common<int const , unsigned long=18446744073709551615>, xgboost::common<xgboost::FeatureType const , unsigned long=18446744073709551615>, xgboost::common<unsigned int const , unsigned long=18446744073709551615>, xgboost::common<xgboost::common::Span::Segment const , unsigned long=18446744073709551615>, unsigned int const , unsigned long, unsigned long, unsigned long, unsigned long, unsigned long, bool, int, float)",0,13,0.5798673200000001,xgboost,gesture_phase_segmentation:numerical
12.732647,"void xgboost::predictor::PredictKernel<xgboost::predictor::SparsePageLoader, xgboost::predictor::SparsePageView, bool=0>(xgboost::predictor::SparsePageView, xgboost::common::Span<xgboost::RegTree::Node const , unsigned long=18446744073709551615>, xgboost::common<float, unsigned long=18446744073709551615>, xgboost::common<unsigned long const , unsigned long=18446744073709551615>, xgboost::common<int const , unsigned long=18446744073709551615>, xgboost::common<xgboost::FeatureType const , unsigned long=18446744073709551615>, xgboost::common<unsigned int const , unsigned long=18446744073709551615>, xgboost::common<xgboost::common::Span::Segment const , unsigned long=18446744073709551615>, unsigned int const , unsigned long, unsigned long, unsigned long, unsigned long, unsigned long, bool, int, float)",1,13,0.58001664,xgboost,gesture_phase_segmentation:numerical
12.727246,"void xgboost::predictor::PredictKernel<xgboost::predictor::SparsePageLoader, xgboost::predictor::SparsePageView, bool=0>(xgboost::predictor::SparsePageView, xgboost::common::Span<xgboost::RegTree::Node const , unsigned long=18446744073709551615>, xgboost::common<float, unsigned long=18446744073709551615>, xgboost::common<unsigned long const , unsigned long=18446744073709551615>, xgboost::common<int const , unsigned long=18446744073709551615>, xgboost::common<xgboost::FeatureType const , unsigned long=18446744073709551615>, xgboost::common<unsigned int const , unsigned long=18446744073709551615>, xgboost::common<xgboost::common::Span::Segment const , unsigned long=18446744073709551615>, unsigned int const , unsigned long, unsigned long, unsigned long, unsigned long, unsigned long, bool, int, float)",2,13,0.59337617,xgboost,gesture_phase_segmentation:numerical
10.981296,"void xgboost::predictor::PredictKernel<xgboost::predictor::SparsePageLoader, xgboost::predictor::SparsePageView, bool=0>(xgboost::predictor::SparsePageView, xgboost::common::Span<xgboost::RegTree::Node const , unsigned long=18446744073709551615>, xgboost::common<float, unsigned long=18446744073709551615>, xgboost::common<unsigned long const , unsigned long=18446744073709551615>, xgboost::common<int const , unsigned long=18446744073709551615>, xgboost::common<xgboost::FeatureType const , unsigned long=18446744073709551615>, xgboost::common<unsigned int const , unsigned long=18446744073709551615>, xgboost::common<xgboost::common::Span::Segment const , unsigned long=18446744073709551615>, unsigned int const , unsigned long, unsigned long, unsigned long, unsigned long, unsigned long, bool, int, float)",0,194,0.54375,xgboost,gesture_phase_segmentation:numerical
10.962480,"void xgboost::predictor::PredictKernel<xgboost::predictor::SparsePageLoader, xgboost::predictor::SparsePageView, bool=0>(xgboost::predictor::SparsePageView, xgboost::common::Span<xgboost::RegTree::Node const , unsigned long=18446744073709551615>, xgboost::common<float, unsigned long=18446744073709551615>, xgboost::common<unsigned long const , unsigned long=18446744073709551615>, xgboost::common<int const , unsigned long=18446744073709551615>, xgboost::common<xgboost::FeatureType const , unsigned long=18446744073709551615>, xgboost::common<unsigned int const , unsigned long=18446744073709551615>, xgboost::common<xgboost::common::Span::Segment const , unsigned long=18446744073709551615>, unsigned int const , unsigned long, unsigned long, unsigned long, unsigned long, unsigned long, bool, int, float)",1,194,0.5443085599999999,xgboost,gesture_phase_segmentation:numerical
11.010896,"void xgboost::predictor::PredictKernel<xgboost::predictor::SparsePageLoader, xgboost::predictor::SparsePageView, bool=0>(xgboost::predictor::SparsePageView, xgboost::common::Span<xgboost::RegTree::Node const , unsigned long=18446744073709551615>, xgboost::common<float, unsigned long=18446744073709551615>, xgboost::common<unsigned long const , unsigned long=18446744073709551615>, xgboost::common<int const , unsigned long=18446744073709551615>, xgboost::common<xgboost::FeatureType const , unsigned long=18446744073709551615>, xgboost::common<unsigned int const , unsigned long=18446744073709551615>, xgboost::common<xgboost::common::Span::Segment const , unsigned long=18446744073709551615>, unsigned int const , unsigned long, unsigned long, unsigned long, unsigned long, unsigned long, bool, int, float)",2,194,0.544466,xgboost,gesture_phase_segmentation:numerical
10.989128,"void xgboost::predictor::PredictKernel<xgboost::predictor::SparsePageLoader, xgboost::predictor::SparsePageView, bool=0>(xgboost::predictor::SparsePageView, xgboost::common::Span<xgboost::RegTree::Node const , unsigned long=18446744073709551615>, xgboost::common<float, unsigned long=18446744073709551615>, xgboost::common<unsigned long const , unsigned long=18446744073709551615>, xgboost::common<int const , unsigned long=18446744073709551615>, xgboost::common<xgboost::FeatureType const , unsigned long=18446744073709551615>, xgboost::common<unsigned int const , unsigned long=18446744073709551615>, xgboost::common<xgboost::common::Span::Segment const , unsigned long=18446744073709551615>, unsigned int const , unsigned long, unsigned long, unsigned long, unsigned long, unsigned long, bool, int, float)",0,2702,0.55580792,xgboost,gesture_phase_segmentation:numerical
10.996488,"void xgboost::predictor::PredictKernel<xgboost::predictor::SparsePageLoader, xgboost::predictor::SparsePageView, bool=0>(xgboost::predictor::SparsePageView, xgboost::common::Span<xgboost::RegTree::Node const , unsigned long=18446744073709551615>, xgboost::common<float, unsigned long=18446744073709551615>, xgboost::common<unsigned long const , unsigned long=18446744073709551615>, xgboost::common<int const , unsigned long=18446744073709551615>, xgboost::common<xgboost::FeatureType const , unsigned long=18446744073709551615>, xgboost::common<unsigned int const , unsigned long=18446744073709551615>, xgboost::common<xgboost::common::Span::Segment const , unsigned long=18446744073709551615>, unsigned int const , unsigned long, unsigned long, unsigned long, unsigned long, unsigned long, bool, int, float)",1,2702,0.54231646,xgboost,gesture_phase_segmentation:numerical
10.978855,"void xgboost::predictor::PredictKernel<xgboost::predictor::SparsePageLoader, xgboost::predictor::SparsePageView, bool=0>(xgboost::predictor::SparsePageView, xgboost::common::Span<xgboost::RegTree::Node const , unsigned long=18446744073709551615>, xgboost::common<float, unsigned long=18446744073709551615>, xgboost::common<unsigned long const , unsigned long=18446744073709551615>, xgboost::common<int const , unsigned long=18446744073709551615>, xgboost::common<xgboost::FeatureType const , unsigned long=18446744073709551615>, xgboost::common<unsigned int const , unsigned long=18446744073709551615>, xgboost::common<xgboost::common::Span::Segment const , unsigned long=18446744073709551615>, unsigned int const , unsigned long, unsigned long, unsigned long, unsigned long, unsigned long, bool, int, float)",2,2702,0.54254972,xgboost,gesture_phase_segmentation:numerical
11.642342,"void xgboost::predictor::PredictKernel<xgboost::predictor::SparsePageLoader, xgboost::predictor::SparsePageView, bool=0>(xgboost::predictor::SparsePageView, xgboost::common::Span<xgboost::RegTree::Node const , unsigned long=18446744073709551615>, xgboost::common<float, unsigned long=18446744073709551615>, xgboost::common<unsigned long const , unsigned long=18446744073709551615>, xgboost::common<int const , unsigned long=18446744073709551615>, xgboost::common<xgboost::FeatureType const , unsigned long=18446744073709551615>, xgboost::common<unsigned int const , unsigned long=18446744073709551615>, xgboost::common<xgboost::common::Span::Segment const , unsigned long=18446744073709551615>, unsigned int const , unsigned long, unsigned long, unsigned long, unsigned long, unsigned long, bool, int, float)",0,37640,0.47434308000000003,xgboost,gesture_phase_segmentation:numerical
11.629829,"void xgboost::predictor::PredictKernel<xgboost::predictor::SparsePageLoader, xgboost::predictor::SparsePageView, bool=0>(xgboost::predictor::SparsePageView, xgboost::common::Span<xgboost::RegTree::Node const , unsigned long=18446744073709551615>, xgboost::common<float, unsigned long=18446744073709551615>, xgboost::common<unsigned long const , unsigned long=18446744073709551615>, xgboost::common<int const , unsigned long=18446744073709551615>, xgboost::common<xgboost::FeatureType const , unsigned long=18446744073709551615>, xgboost::common<unsigned int const , unsigned long=18446744073709551615>, xgboost::common<xgboost::common::Span::Segment const , unsigned long=18446744073709551615>, unsigned int const , unsigned long, unsigned long, unsigned long, unsigned long, unsigned long, bool, int, float)",1,37640,0.47476419999999997,xgboost,gesture_phase_segmentation:numerical
11.649989,"void xgboost::predictor::PredictKernel<xgboost::predictor::SparsePageLoader, xgboost::predictor::SparsePageView, bool=0>(xgboost::predictor::SparsePageView, xgboost::common::Span<xgboost::RegTree::Node const , unsigned long=18446744073709551615>, xgboost::common<float, unsigned long=18446744073709551615>, xgboost::common<unsigned long const , unsigned long=18446744073709551615>, xgboost::common<int const , unsigned long=18446744073709551615>, xgboost::common<xgboost::FeatureType const , unsigned long=18446744073709551615>, xgboost::common<unsigned int const , unsigned long=18446744073709551615>, xgboost::common<xgboost::common::Span::Segment const , unsigned long=18446744073709551615>, unsigned int const , unsigned long, unsigned long, unsigned long, unsigned long, unsigned long, bool, int, float)",2,37640,0.47364319,xgboost,gesture_phase_segmentation:numerical
138.213624,"void xgboost::predictor::PredictKernel<xgboost::predictor::SparsePageLoader, xgboost::predictor::SparsePageView, bool=0>(xgboost::predictor::SparsePageView, xgboost::common::Span<xgboost::RegTree::Node const , unsigned long=18446744073709551615>, xgboost::common<float, unsigned long=18446744073709551615>, xgboost::common<unsigned long const , unsigned long=18446744073709551615>, xgboost::common<int const , unsigned long=18446744073709551615>, xgboost::common<xgboost::FeatureType const , unsigned long=18446744073709551615>, xgboost::common<unsigned int const , unsigned long=18446744073709551615>, xgboost::common<xgboost::common::Span::Segment const , unsigned long=18446744073709551615>, unsigned int const , unsigned long, unsigned long, unsigned long, unsigned long, unsigned long, bool, int, float)",0,524288,0.7694827700000001,xgboost,gesture_phase_segmentation:numerical
131.941699,"void xgboost::predictor::PredictKernel<xgboost::predictor::SparsePageLoader, xgboost::predictor::SparsePageView, bool=0>(xgboost::predictor::SparsePageView, xgboost::common::Span<xgboost::RegTree::Node const , unsigned long=18446744073709551615>, xgboost::common<float, unsigned long=18446744073709551615>, xgboost::common<unsigned long const , unsigned long=18446744073709551615>, xgboost::common<int const , unsigned long=18446744073709551615>, xgboost::common<xgboost::FeatureType const , unsigned long=18446744073709551615>, xgboost::common<unsigned int const , unsigned long=18446744073709551615>, xgboost::common<xgboost::common::Span::Segment const , unsigned long=18446744073709551615>, unsigned int const , unsigned long, unsigned long, unsigned long, unsigned long, unsigned long, bool, int, float)",1,524288,0.75983549,xgboost,gesture_phase_segmentation:numerical
122.064697,"void xgboost::predictor::PredictKernel<xgboost::predictor::SparsePageLoader, xgboost::predictor::SparsePageView, bool=0>(xgboost::predictor::SparsePageView, xgboost::common::Span<xgboost::RegTree::Node const , unsigned long=18446744073709551615>, xgboost::common<float, unsigned long=18446744073709551615>, xgboost::common<unsigned long const , unsigned long=18446744073709551615>, xgboost::common<int const , unsigned long=18446744073709551615>, xgboost::common<xgboost::FeatureType const , unsigned long=18446744073709551615>, xgboost::common<unsigned int const , unsigned long=18446744073709551615>, xgboost::common<xgboost::common::Span::Segment const , unsigned long=18446744073709551615>, unsigned int const , unsigned long, unsigned long, unsigned long, unsigned long, unsigned long, bool, int, float)",2,524288,0.74913308,xgboost,gesture_phase_segmentation:numerical
0.233791,"void xgboost::predictor::PredictKernel<xgboost::predictor::SparsePageLoader, xgboost::predictor::SparsePageView, bool=0>(xgboost::predictor::SparsePageView, xgboost::common::Span<xgboost::RegTree::Node const , unsigned long=18446744073709551615>, xgboost::common<float, unsigned long=18446744073709551615>, xgboost::common<unsigned long const , unsigned long=18446744073709551615>, xgboost::common<int const , unsigned long=18446744073709551615>, xgboost::common<xgboost::FeatureType const , unsigned long=18446744073709551615>, xgboost::common<unsigned int const , unsigned long=18446744073709551615>, xgboost::common<xgboost::common::Span::Segment const , unsigned long=18446744073709551615>, unsigned int const , unsigned long, unsigned long, unsigned long, unsigned long, unsigned long, bool, int, float)",0,1,0.33945084999999997,xgboost,telco_customer_churn:numerical
0.234080,"void xgboost::predictor::PredictKernel<xgboost::predictor::SparsePageLoader, xgboost::predictor::SparsePageView, bool=0>(xgboost::predictor::SparsePageView, xgboost::common::Span<xgboost::RegTree::Node const , unsigned long=18446744073709551615>, xgboost::common<float, unsigned long=18446744073709551615>, xgboost::common<unsigned long const , unsigned long=18446744073709551615>, xgboost::common<int const , unsigned long=18446744073709551615>, xgboost::common<xgboost::FeatureType const , unsigned long=18446744073709551615>, xgboost::common<unsigned int const , unsigned long=18446744073709551615>, xgboost::common<xgboost::common::Span::Segment const , unsigned long=18446744073709551615>, unsigned int const , unsigned long, unsigned long, unsigned long, unsigned long, unsigned long, bool, int, float)",1,1,0.34115288,xgboost,telco_customer_churn:numerical
0.273152,"void xgboost::predictor::PredictKernel<xgboost::predictor::SparsePageLoader, xgboost::predictor::SparsePageView, bool=0>(xgboost::predictor::SparsePageView, xgboost::common::Span<xgboost::RegTree::Node const , unsigned long=18446744073709551615>, xgboost::common<float, unsigned long=18446744073709551615>, xgboost::common<unsigned long const , unsigned long=18446744073709551615>, xgboost::common<int const , unsigned long=18446744073709551615>, xgboost::common<xgboost::FeatureType const , unsigned long=18446744073709551615>, xgboost::common<unsigned int const , unsigned long=18446744073709551615>, xgboost::common<xgboost::common::Span::Segment const , unsigned long=18446744073709551615>, unsigned int const , unsigned long, unsigned long, unsigned long, unsigned long, unsigned long, bool, int, float)",2,1,0.35998697999999996,xgboost,telco_customer_churn:numerical
0.273279,"void xgboost::predictor::PredictKernel<xgboost::predictor::SparsePageLoader, xgboost::predictor::SparsePageView, bool=0>(xgboost::predictor::SparsePageView, xgboost::common::Span<xgboost::RegTree::Node const , unsigned long=18446744073709551615>, xgboost::common<float, unsigned long=18446744073709551615>, xgboost::common<unsigned long const , unsigned long=18446744073709551615>, xgboost::common<int const , unsigned long=18446744073709551615>, xgboost::common<xgboost::FeatureType const , unsigned long=18446744073709551615>, xgboost::common<unsigned int const , unsigned long=18446744073709551615>, xgboost::common<xgboost::common::Span::Segment const , unsigned long=18446744073709551615>, unsigned int const , unsigned long, unsigned long, unsigned long, unsigned long, unsigned long, bool, int, float)",0,13,0.35249935,xgboost,telco_customer_churn:numerical
0.274143,"void xgboost::predictor::PredictKernel<xgboost::predictor::SparsePageLoader, xgboost::predictor::SparsePageView, bool=0>(xgboost::predictor::SparsePageView, xgboost::common::Span<xgboost::RegTree::Node const , unsigned long=18446744073709551615>, xgboost::common<float, unsigned long=18446744073709551615>, xgboost::common<unsigned long const , unsigned long=18446744073709551615>, xgboost::common<int const , unsigned long=18446744073709551615>, xgboost::common<xgboost::FeatureType const , unsigned long=18446744073709551615>, xgboost::common<unsigned int const , unsigned long=18446744073709551615>, xgboost::common<xgboost::common::Span::Segment const , unsigned long=18446744073709551615>, unsigned int const , unsigned long, unsigned long, unsigned long, unsigned long, unsigned long, bool, int, float)",1,13,0.35038817,xgboost,telco_customer_churn:numerical
0.276671,"void xgboost::predictor::PredictKernel<xgboost::predictor::SparsePageLoader, xgboost::predictor::SparsePageView, bool=0>(xgboost::predictor::SparsePageView, xgboost::common::Span<xgboost::RegTree::Node const , unsigned long=18446744073709551615>, xgboost::common<float, unsigned long=18446744073709551615>, xgboost::common<unsigned long const , unsigned long=18446744073709551615>, xgboost::common<int const , unsigned long=18446744073709551615>, xgboost::common<xgboost::FeatureType const , unsigned long=18446744073709551615>, xgboost::common<unsigned int const , unsigned long=18446744073709551615>, xgboost::common<xgboost::common::Span::Segment const , unsigned long=18446744073709551615>, unsigned int const , unsigned long, unsigned long, unsigned long, unsigned long, unsigned long, bool, int, float)",2,13,0.36195337,xgboost,telco_customer_churn:numerical
0.269695,"void xgboost::predictor::PredictKernel<xgboost::predictor::SparsePageLoader, xgboost::predictor::SparsePageView, bool=0>(xgboost::predictor::SparsePageView, xgboost::common::Span<xgboost::RegTree::Node const , unsigned long=18446744073709551615>, xgboost::common<float, unsigned long=18446744073709551615>, xgboost::common<unsigned long const , unsigned long=18446744073709551615>, xgboost::common<int const , unsigned long=18446744073709551615>, xgboost::common<xgboost::FeatureType const , unsigned long=18446744073709551615>, xgboost::common<unsigned int const , unsigned long=18446744073709551615>, xgboost::common<xgboost::common::Span::Segment const , unsigned long=18446744073709551615>, unsigned int const , unsigned long, unsigned long, unsigned long, unsigned long, unsigned long, bool, int, float)",0,194,0.30162435,xgboost,telco_customer_churn:numerical
0.270559,"void xgboost::predictor::PredictKernel<xgboost::predictor::SparsePageLoader, xgboost::predictor::SparsePageView, bool=0>(xgboost::predictor::SparsePageView, xgboost::common::Span<xgboost::RegTree::Node const , unsigned long=18446744073709551615>, xgboost::common<float, unsigned long=18446744073709551615>, xgboost::common<unsigned long const , unsigned long=18446744073709551615>, xgboost::common<int const , unsigned long=18446744073709551615>, xgboost::common<xgboost::FeatureType const , unsigned long=18446744073709551615>, xgboost::common<unsigned int const , unsigned long=18446744073709551615>, xgboost::common<xgboost::common::Span::Segment const , unsigned long=18446744073709551615>, unsigned int const , unsigned long, unsigned long, unsigned long, unsigned long, unsigned long, bool, int, float)",1,194,0.35537071,xgboost,telco_customer_churn:numerical
0.270688,"void xgboost::predictor::PredictKernel<xgboost::predictor::SparsePageLoader, xgboost::predictor::SparsePageView, bool=0>(xgboost::predictor::SparsePageView, xgboost::common::Span<xgboost::RegTree::Node const , unsigned long=18446744073709551615>, xgboost::common<float, unsigned long=18446744073709551615>, xgboost::common<unsigned long const , unsigned long=18446744073709551615>, xgboost::common<int const , unsigned long=18446744073709551615>, xgboost::common<xgboost::FeatureType const , unsigned long=18446744073709551615>, xgboost::common<unsigned int const , unsigned long=18446744073709551615>, xgboost::common<xgboost::common::Span::Segment const , unsigned long=18446744073709551615>, unsigned int const , unsigned long, unsigned long, unsigned long, unsigned long, unsigned long, bool, int, float)",2,194,0.35630344,xgboost,telco_customer_churn:numerical
0.272479,"void xgboost::predictor::PredictKernel<xgboost::predictor::SparsePageLoader, xgboost::predictor::SparsePageView, bool=0>(xgboost::predictor::SparsePageView, xgboost::common::Span<xgboost::RegTree::Node const , unsigned long=18446744073709551615>, xgboost::common<float, unsigned long=18446744073709551615>, xgboost::common<unsigned long const , unsigned long=18446744073709551615>, xgboost::common<int const , unsigned long=18446744073709551615>, xgboost::common<xgboost::FeatureType const , unsigned long=18446744073709551615>, xgboost::common<unsigned int const , unsigned long=18446744073709551615>, xgboost::common<xgboost::common::Span::Segment const , unsigned long=18446744073709551615>, unsigned int const , unsigned long, unsigned long, unsigned long, unsigned long, unsigned long, bool, int, float)",0,2702,0.30050102,xgboost,telco_customer_churn:numerical
0.273151,"void xgboost::predictor::PredictKernel<xgboost::predictor::SparsePageLoader, xgboost::predictor::SparsePageView, bool=0>(xgboost::predictor::SparsePageView, xgboost::common::Span<xgboost::RegTree::Node const , unsigned long=18446744073709551615>, xgboost::common<float, unsigned long=18446744073709551615>, xgboost::common<unsigned long const , unsigned long=18446744073709551615>, xgboost::common<int const , unsigned long=18446744073709551615>, xgboost::common<xgboost::FeatureType const , unsigned long=18446744073709551615>, xgboost::common<unsigned int const , unsigned long=18446744073709551615>, xgboost::common<xgboost::common::Span::Segment const , unsigned long=18446744073709551615>, unsigned int const , unsigned long, unsigned long, unsigned long, unsigned long, unsigned long, bool, int, float)",1,2702,0.30340469999999997,xgboost,telco_customer_churn:numerical
0.272960,"void xgboost::predictor::PredictKernel<xgboost::predictor::SparsePageLoader, xgboost::predictor::SparsePageView, bool=0>(xgboost::predictor::SparsePageView, xgboost::common::Span<xgboost::RegTree::Node const , unsigned long=18446744073709551615>, xgboost::common<float, unsigned long=18446744073709551615>, xgboost::common<unsigned long const , unsigned long=18446744073709551615>, xgboost::common<int const , unsigned long=18446744073709551615>, xgboost::common<xgboost::FeatureType const , unsigned long=18446744073709551615>, xgboost::common<unsigned int const , unsigned long=18446744073709551615>, xgboost::common<xgboost::common::Span::Segment const , unsigned long=18446744073709551615>, unsigned int const , unsigned long, unsigned long, unsigned long, unsigned long, unsigned long, bool, int, float)",2,2702,0.29879501,xgboost,telco_customer_churn:numerical
0.346561,"void xgboost::predictor::PredictKernel<xgboost::predictor::SparsePageLoader, xgboost::predictor::SparsePageView, bool=0>(xgboost::predictor::SparsePageView, xgboost::common::Span<xgboost::RegTree::Node const , unsigned long=18446744073709551615>, xgboost::common<float, unsigned long=18446744073709551615>, xgboost::common<unsigned long const , unsigned long=18446744073709551615>, xgboost::common<int const , unsigned long=18446744073709551615>, xgboost::common<xgboost::FeatureType const , unsigned long=18446744073709551615>, xgboost::common<unsigned int const , unsigned long=18446744073709551615>, xgboost::common<xgboost::common::Span::Segment const , unsigned long=18446744073709551615>, unsigned int const , unsigned long, unsigned long, unsigned long, unsigned long, unsigned long, bool, int, float)",0,37640,0.11484649,xgboost,telco_customer_churn:numerical
0.344608,"void xgboost::predictor::PredictKernel<xgboost::predictor::SparsePageLoader, xgboost::predictor::SparsePageView, bool=0>(xgboost::predictor::SparsePageView, xgboost::common::Span<xgboost::RegTree::Node const , unsigned long=18446744073709551615>, xgboost::common<float, unsigned long=18446744073709551615>, xgboost::common<unsigned long const , unsigned long=18446744073709551615>, xgboost::common<int const , unsigned long=18446744073709551615>, xgboost::common<xgboost::FeatureType const , unsigned long=18446744073709551615>, xgboost::common<unsigned int const , unsigned long=18446744073709551615>, xgboost::common<xgboost::common::Span::Segment const , unsigned long=18446744073709551615>, unsigned int const , unsigned long, unsigned long, unsigned long, unsigned long, unsigned long, bool, int, float)",1,37640,0.06265889,xgboost,telco_customer_churn:numerical
0.344704,"void xgboost::predictor::PredictKernel<xgboost::predictor::SparsePageLoader, xgboost::predictor::SparsePageView, bool=0>(xgboost::predictor::SparsePageView, xgboost::common::Span<xgboost::RegTree::Node const , unsigned long=18446744073709551615>, xgboost::common<float, unsigned long=18446744073709551615>, xgboost::common<unsigned long const , unsigned long=18446744073709551615>, xgboost::common<int const , unsigned long=18446744073709551615>, xgboost::common<xgboost::FeatureType const , unsigned long=18446744073709551615>, xgboost::common<unsigned int const , unsigned long=18446744073709551615>, xgboost::common<xgboost::common::Span::Segment const , unsigned long=18446744073709551615>, unsigned int const , unsigned long, unsigned long, unsigned long, unsigned long, unsigned long, bool, int, float)",2,37640,0.11378826,xgboost,telco_customer_churn:numerical
4.088482,"void xgboost::predictor::PredictKernel<xgboost::predictor::SparsePageLoader, xgboost::predictor::SparsePageView, bool=0>(xgboost::predictor::SparsePageView, xgboost::common::Span<xgboost::RegTree::Node const , unsigned long=18446744073709551615>, xgboost::common<float, unsigned long=18446744073709551615>, xgboost::common<unsigned long const , unsigned long=18446744073709551615>, xgboost::common<int const , unsigned long=18446744073709551615>, xgboost::common<xgboost::FeatureType const , unsigned long=18446744073709551615>, xgboost::common<unsigned int const , unsigned long=18446744073709551615>, xgboost::common<xgboost::common::Span::Segment const , unsigned long=18446744073709551615>, unsigned int const , unsigned long, unsigned long, unsigned long, unsigned long, unsigned long, bool, int, float)",0,524288,0.20725929,xgboost,telco_customer_churn:numerical
4.100406,"void xgboost::predictor::PredictKernel<xgboost::predictor::SparsePageLoader, xgboost::predictor::SparsePageView, bool=0>(xgboost::predictor::SparsePageView, xgboost::common::Span<xgboost::RegTree::Node const , unsigned long=18446744073709551615>, xgboost::common<float, unsigned long=18446744073709551615>, xgboost::common<unsigned long const , unsigned long=18446744073709551615>, xgboost::common<int const , unsigned long=18446744073709551615>, xgboost::common<xgboost::FeatureType const , unsigned long=18446744073709551615>, xgboost::common<unsigned int const , unsigned long=18446744073709551615>, xgboost::common<xgboost::common::Span::Segment const , unsigned long=18446744073709551615>, unsigned int const , unsigned long, unsigned long, unsigned long, unsigned long, unsigned long, bool, int, float)",1,524288,0.17463417,xgboost,telco_customer_churn:numerical
4.097623,"void xgboost::predictor::PredictKernel<xgboost::predictor::SparsePageLoader, xgboost::predictor::SparsePageView, bool=0>(xgboost::predictor::SparsePageView, xgboost::common::Span<xgboost::RegTree::Node const , unsigned long=18446744073709551615>, xgboost::common<float, unsigned long=18446744073709551615>, xgboost::common<unsigned long const , unsigned long=18446744073709551615>, xgboost::common<int const , unsigned long=18446744073709551615>, xgboost::common<xgboost::FeatureType const , unsigned long=18446744073709551615>, xgboost::common<unsigned int const , unsigned long=18446744073709551615>, xgboost::common<xgboost::common::Span::Segment const , unsigned long=18446744073709551615>, unsigned int const , unsigned long, unsigned long, unsigned long, unsigned long, unsigned long, bool, int, float)",2,524288,0.17504187999999998,xgboost,telco_customer_churn:numerical
10.949655,"void xgboost::predictor::PredictKernel<xgboost::predictor::SparsePageLoader, xgboost::predictor::SparsePageView, bool=0>(xgboost::predictor::SparsePageView, xgboost::common::Span<xgboost::RegTree::Node const , unsigned long=18446744073709551615>, xgboost::common<float, unsigned long=18446744073709551615>, xgboost::common<unsigned long const , unsigned long=18446744073709551615>, xgboost::common<int const , unsigned long=18446744073709551615>, xgboost::common<xgboost::FeatureType const , unsigned long=18446744073709551615>, xgboost::common<unsigned int const , unsigned long=18446744073709551615>, xgboost::common<xgboost::common::Span::Segment const , unsigned long=18446744073709551615>, unsigned int const , unsigned long, unsigned long, unsigned long, unsigned long, unsigned long, bool, int, float)",0,1,0.39288995,xgboost,rossmann_store_sales:numerical
10.997495,"void xgboost::predictor::PredictKernel<xgboost::predictor::SparsePageLoader, xgboost::predictor::SparsePageView, bool=0>(xgboost::predictor::SparsePageView, xgboost::common::Span<xgboost::RegTree::Node const , unsigned long=18446744073709551615>, xgboost::common<float, unsigned long=18446744073709551615>, xgboost::common<unsigned long const , unsigned long=18446744073709551615>, xgboost::common<int const , unsigned long=18446744073709551615>, xgboost::common<xgboost::FeatureType const , unsigned long=18446744073709551615>, xgboost::common<unsigned int const , unsigned long=18446744073709551615>, xgboost::common<xgboost::common::Span::Segment const , unsigned long=18446744073709551615>, unsigned int const , unsigned long, unsigned long, unsigned long, unsigned long, unsigned long, bool, int, float)",1,1,0.39696661,xgboost,rossmann_store_sales:numerical
10.927415,"void xgboost::predictor::PredictKernel<xgboost::predictor::SparsePageLoader, xgboost::predictor::SparsePageView, bool=0>(xgboost::predictor::SparsePageView, xgboost::common::Span<xgboost::RegTree::Node const , unsigned long=18446744073709551615>, xgboost::common<float, unsigned long=18446744073709551615>, xgboost::common<unsigned long const , unsigned long=18446744073709551615>, xgboost::common<int const , unsigned long=18446744073709551615>, xgboost::common<xgboost::FeatureType const , unsigned long=18446744073709551615>, xgboost::common<unsigned int const , unsigned long=18446744073709551615>, xgboost::common<xgboost::common::Span::Segment const , unsigned long=18446744073709551615>, unsigned int const , unsigned long, unsigned long, unsigned long, unsigned long, unsigned long, bool, int, float)",2,1,0.38872967,xgboost,rossmann_store_sales:numerical
13.314927,"void xgboost::predictor::PredictKernel<xgboost::predictor::SparsePageLoader, xgboost::predictor::SparsePageView, bool=0>(xgboost::predictor::SparsePageView, xgboost::common::Span<xgboost::RegTree::Node const , unsigned long=18446744073709551615>, xgboost::common<float, unsigned long=18446744073709551615>, xgboost::common<unsigned long const , unsigned long=18446744073709551615>, xgboost::common<int const , unsigned long=18446744073709551615>, xgboost::common<xgboost::FeatureType const , unsigned long=18446744073709551615>, xgboost::common<unsigned int const , unsigned long=18446744073709551615>, xgboost::common<xgboost::common::Span::Segment const , unsigned long=18446744073709551615>, unsigned int const , unsigned long, unsigned long, unsigned long, unsigned long, unsigned long, bool, int, float)",0,13,0.42233339999999997,xgboost,rossmann_store_sales:numerical
13.136465,"void xgboost::predictor::PredictKernel<xgboost::predictor::SparsePageLoader, xgboost::predictor::SparsePageView, bool=0>(xgboost::predictor::SparsePageView, xgboost::common::Span<xgboost::RegTree::Node const , unsigned long=18446744073709551615>, xgboost::common<float, unsigned long=18446744073709551615>, xgboost::common<unsigned long const , unsigned long=18446744073709551615>, xgboost::common<int const , unsigned long=18446744073709551615>, xgboost::common<xgboost::FeatureType const , unsigned long=18446744073709551615>, xgboost::common<unsigned int const , unsigned long=18446744073709551615>, xgboost::common<xgboost::common::Span::Segment const , unsigned long=18446744073709551615>, unsigned int const , unsigned long, unsigned long, unsigned long, unsigned long, unsigned long, bool, int, float)",1,13,0.44303846999999996,xgboost,rossmann_store_sales:numerical
12.972550,"void xgboost::predictor::PredictKernel<xgboost::predictor::SparsePageLoader, xgboost::predictor::SparsePageView, bool=0>(xgboost::predictor::SparsePageView, xgboost::common::Span<xgboost::RegTree::Node const , unsigned long=18446744073709551615>, xgboost::common<float, unsigned long=18446744073709551615>, xgboost::common<unsigned long const , unsigned long=18446744073709551615>, xgboost::common<int const , unsigned long=18446744073709551615>, xgboost::common<xgboost::FeatureType const , unsigned long=18446744073709551615>, xgboost::common<unsigned int const , unsigned long=18446744073709551615>, xgboost::common<xgboost::common::Span::Segment const , unsigned long=18446744073709551615>, unsigned int const , unsigned long, unsigned long, unsigned long, unsigned long, unsigned long, bool, int, float)",2,13,0.43478488,xgboost,rossmann_store_sales:numerical
11.364171,"void xgboost::predictor::PredictKernel<xgboost::predictor::SparsePageLoader, xgboost::predictor::SparsePageView, bool=0>(xgboost::predictor::SparsePageView, xgboost::common::Span<xgboost::RegTree::Node const , unsigned long=18446744073709551615>, xgboost::common<float, unsigned long=18446744073709551615>, xgboost::common<unsigned long const , unsigned long=18446744073709551615>, xgboost::common<int const , unsigned long=18446744073709551615>, xgboost::common<xgboost::FeatureType const , unsigned long=18446744073709551615>, xgboost::common<unsigned int const , unsigned long=18446744073709551615>, xgboost::common<xgboost::common::Span::Segment const , unsigned long=18446744073709551615>, unsigned int const , unsigned long, unsigned long, unsigned long, unsigned long, unsigned long, bool, int, float)",0,194,0.41112259,xgboost,rossmann_store_sales:numerical
11.456428,"void xgboost::predictor::PredictKernel<xgboost::predictor::SparsePageLoader, xgboost::predictor::SparsePageView, bool=0>(xgboost::predictor::SparsePageView, xgboost::common::Span<xgboost::RegTree::Node const , unsigned long=18446744073709551615>, xgboost::common<float, unsigned long=18446744073709551615>, xgboost::common<unsigned long const , unsigned long=18446744073709551615>, xgboost::common<int const , unsigned long=18446744073709551615>, xgboost::common<xgboost::FeatureType const , unsigned long=18446744073709551615>, xgboost::common<unsigned int const , unsigned long=18446744073709551615>, xgboost::common<xgboost::common::Span::Segment const , unsigned long=18446744073709551615>, unsigned int const , unsigned long, unsigned long, unsigned long, unsigned long, unsigned long, bool, int, float)",1,194,0.39050991,xgboost,rossmann_store_sales:numerical
11.265005,"void xgboost::predictor::PredictKernel<xgboost::predictor::SparsePageLoader, xgboost::predictor::SparsePageView, bool=0>(xgboost::predictor::SparsePageView, xgboost::common::Span<xgboost::RegTree::Node const , unsigned long=18446744073709551615>, xgboost::common<float, unsigned long=18446744073709551615>, xgboost::common<unsigned long const , unsigned long=18446744073709551615>, xgboost::common<int const , unsigned long=18446744073709551615>, xgboost::common<xgboost::FeatureType const , unsigned long=18446744073709551615>, xgboost::common<unsigned int const , unsigned long=18446744073709551615>, xgboost::common<xgboost::common::Span::Segment const , unsigned long=18446744073709551615>, unsigned int const , unsigned long, unsigned long, unsigned long, unsigned long, unsigned long, bool, int, float)",2,194,0.39273072,xgboost,rossmann_store_sales:numerical
11.008525,"void xgboost::predictor::PredictKernel<xgboost::predictor::SparsePageLoader, xgboost::predictor::SparsePageView, bool=0>(xgboost::predictor::SparsePageView, xgboost::common::Span<xgboost::RegTree::Node const , unsigned long=18446744073709551615>, xgboost::common<float, unsigned long=18446744073709551615>, xgboost::common<unsigned long const , unsigned long=18446744073709551615>, xgboost::common<int const , unsigned long=18446744073709551615>, xgboost::common<xgboost::FeatureType const , unsigned long=18446744073709551615>, xgboost::common<unsigned int const , unsigned long=18446744073709551615>, xgboost::common<xgboost::common::Span::Segment const , unsigned long=18446744073709551615>, unsigned int const , unsigned long, unsigned long, unsigned long, unsigned long, unsigned long, bool, int, float)",0,2702,0.41509296999999995,xgboost,rossmann_store_sales:numerical
10.981422,"void xgboost::predictor::PredictKernel<xgboost::predictor::SparsePageLoader, xgboost::predictor::SparsePageView, bool=0>(xgboost::predictor::SparsePageView, xgboost::common::Span<xgboost::RegTree::Node const , unsigned long=18446744073709551615>, xgboost::common<float, unsigned long=18446744073709551615>, xgboost::common<unsigned long const , unsigned long=18446744073709551615>, xgboost::common<int const , unsigned long=18446744073709551615>, xgboost::common<xgboost::FeatureType const , unsigned long=18446744073709551615>, xgboost::common<unsigned int const , unsigned long=18446744073709551615>, xgboost::common<xgboost::common::Span::Segment const , unsigned long=18446744073709551615>, unsigned int const , unsigned long, unsigned long, unsigned long, unsigned long, unsigned long, bool, int, float)",1,2702,0.39493976000000003,xgboost,rossmann_store_sales:numerical
11.010541,"void xgboost::predictor::PredictKernel<xgboost::predictor::SparsePageLoader, xgboost::predictor::SparsePageView, bool=0>(xgboost::predictor::SparsePageView, xgboost::common::Span<xgboost::RegTree::Node const , unsigned long=18446744073709551615>, xgboost::common<float, unsigned long=18446744073709551615>, xgboost::common<unsigned long const , unsigned long=18446744073709551615>, xgboost::common<int const , unsigned long=18446744073709551615>, xgboost::common<xgboost::FeatureType const , unsigned long=18446744073709551615>, xgboost::common<unsigned int const , unsigned long=18446744073709551615>, xgboost::common<xgboost::common::Span::Segment const , unsigned long=18446744073709551615>, unsigned int const , unsigned long, unsigned long, unsigned long, unsigned long, unsigned long, bool, int, float)",2,2702,0.37376512,xgboost,rossmann_store_sales:numerical
11.383594,"void xgboost::predictor::PredictKernel<xgboost::predictor::SparsePageLoader, xgboost::predictor::SparsePageView, bool=0>(xgboost::predictor::SparsePageView, xgboost::common::Span<xgboost::RegTree::Node const , unsigned long=18446744073709551615>, xgboost::common<float, unsigned long=18446744073709551615>, xgboost::common<unsigned long const , unsigned long=18446744073709551615>, xgboost::common<int const , unsigned long=18446744073709551615>, xgboost::common<xgboost::FeatureType const , unsigned long=18446744073709551615>, xgboost::common<unsigned int const , unsigned long=18446744073709551615>, xgboost::common<xgboost::common::Span::Segment const , unsigned long=18446744073709551615>, unsigned int const , unsigned long, unsigned long, unsigned long, unsigned long, unsigned long, bool, int, float)",0,37640,0.32721529,xgboost,rossmann_store_sales:numerical
11.377161,"void xgboost::predictor::PredictKernel<xgboost::predictor::SparsePageLoader, xgboost::predictor::SparsePageView, bool=0>(xgboost::predictor::SparsePageView, xgboost::common::Span<xgboost::RegTree::Node const , unsigned long=18446744073709551615>, xgboost::common<float, unsigned long=18446744073709551615>, xgboost::common<unsigned long const , unsigned long=18446744073709551615>, xgboost::common<int const , unsigned long=18446744073709551615>, xgboost::common<xgboost::FeatureType const , unsigned long=18446744073709551615>, xgboost::common<unsigned int const , unsigned long=18446744073709551615>, xgboost::common<xgboost::common::Span::Segment const , unsigned long=18446744073709551615>, unsigned int const , unsigned long, unsigned long, unsigned long, unsigned long, unsigned long, bool, int, float)",1,37640,0.36832518999999997,xgboost,rossmann_store_sales:numerical
11.352009,"void xgboost::predictor::PredictKernel<xgboost::predictor::SparsePageLoader, xgboost::predictor::SparsePageView, bool=0>(xgboost::predictor::SparsePageView, xgboost::common::Span<xgboost::RegTree::Node const , unsigned long=18446744073709551615>, xgboost::common<float, unsigned long=18446744073709551615>, xgboost::common<unsigned long const , unsigned long=18446744073709551615>, xgboost::common<int const , unsigned long=18446744073709551615>, xgboost::common<xgboost::FeatureType const , unsigned long=18446744073709551615>, xgboost::common<unsigned int const , unsigned long=18446744073709551615>, xgboost::common<xgboost::common::Span::Segment const , unsigned long=18446744073709551615>, unsigned int const , unsigned long, unsigned long, unsigned long, unsigned long, unsigned long, bool, int, float)",2,37640,0.33571176,xgboost,rossmann_store_sales:numerical
127.605604,"void xgboost::predictor::PredictKernel<xgboost::predictor::SparsePageLoader, xgboost::predictor::SparsePageView, bool=0>(xgboost::predictor::SparsePageView, xgboost::common::Span<xgboost::RegTree::Node const , unsigned long=18446744073709551615>, xgboost::common<float, unsigned long=18446744073709551615>, xgboost::common<unsigned long const , unsigned long=18446744073709551615>, xgboost::common<int const , unsigned long=18446744073709551615>, xgboost::common<xgboost::FeatureType const , unsigned long=18446744073709551615>, xgboost::common<unsigned int const , unsigned long=18446744073709551615>, xgboost::common<xgboost::common::Span::Segment const , unsigned long=18446744073709551615>, unsigned int const , unsigned long, unsigned long, unsigned long, unsigned long, unsigned long, bool, int, float)",0,524288,0.6509334800000001,xgboost,rossmann_store_sales:numerical
127.667590,"void xgboost::predictor::PredictKernel<xgboost::predictor::SparsePageLoader, xgboost::predictor::SparsePageView, bool=0>(xgboost::predictor::SparsePageView, xgboost::common::Span<xgboost::RegTree::Node const , unsigned long=18446744073709551615>, xgboost::common<float, unsigned long=18446744073709551615>, xgboost::common<unsigned long const , unsigned long=18446744073709551615>, xgboost::common<int const , unsigned long=18446744073709551615>, xgboost::common<xgboost::FeatureType const , unsigned long=18446744073709551615>, xgboost::common<unsigned int const , unsigned long=18446744073709551615>, xgboost::common<xgboost::common::Span::Segment const , unsigned long=18446744073709551615>, unsigned int const , unsigned long, unsigned long, unsigned long, unsigned long, unsigned long, bool, int, float)",1,524288,0.6446356900000001,xgboost,rossmann_store_sales:numerical
118.163932,"void xgboost::predictor::PredictKernel<xgboost::predictor::SparsePageLoader, xgboost::predictor::SparsePageView, bool=0>(xgboost::predictor::SparsePageView, xgboost::common::Span<xgboost::RegTree::Node const , unsigned long=18446744073709551615>, xgboost::common<float, unsigned long=18446744073709551615>, xgboost::common<unsigned long const , unsigned long=18446744073709551615>, xgboost::common<int const , unsigned long=18446744073709551615>, xgboost::common<xgboost::FeatureType const , unsigned long=18446744073709551615>, xgboost::common<unsigned int const , unsigned long=18446744073709551615>, xgboost::common<xgboost::common::Span::Segment const , unsigned long=18446744073709551615>, unsigned int const , unsigned long, unsigned long, unsigned long, unsigned long, unsigned long, bool, int, float)",2,524288,0.72187668,xgboost,rossmann_store_sales:numerical
